<?xml version="1.0" encoding="UTF-8"?>
<web-app version="3.0" xmlns="http://java.sun.com/xml/ns/javaee" xmlns:xsi="http://www.w3.org/2001/XMLSchema-instance" xsi:schemaLocation="http://java.sun.com/xml/ns/javaee http://java.sun.com/xml/ns/javaee/web-app_3_0.xsd">
    <servlet>
        <servlet-name>Login</servlet-name>
        <servlet-class>Controller.Login</servlet-class>
    </servlet>
    <servlet>
        <servlet-name>RegisterController</servlet-name>
        <servlet-class>Controller.RegisterController</servlet-class>
    </servlet>
    <servlet>
        <servlet-name>LoginAdmin</servlet-name>
        <servlet-class>Controller.LoginAdmin</servlet-class>
    </servlet>
    <servlet>
        <servlet-name>CoffeeController</servlet-name>
        <servlet-class>Controller.CoffeeController</servlet-class>
    </servlet>
    <servlet-mapping>
        <servlet-name>Login</servlet-name>
        <url-pattern>/Login</url-pattern>
    </servlet-mapping>
    <servlet-mapping>
        <servlet-name>RegisterController</servlet-name>
        <url-pattern>/RegisterController</url-pattern>
    </servlet-mapping>
    <servlet-mapping>
        <servlet-name>LoginAdmin</servlet-name>
        <url-pattern>/LoginAdmin</url-pattern>
    </servlet-mapping>
    <servlet-mapping>
        <servlet-name>CoffeeController</servlet-name>
        <url-pattern>/CoffeeController</url-pattern>
    </servlet-mapping>
    <session-config>
        <session-timeout>
            30
        </session-timeout>
    </session-config>
</web-app>
